Player,Rank,Age,Elo,    ,HardRaw,ClayRaw,GrassRaw,    ,hElo,cElo,gElo,    ,Peak Match,Peak Age,Peak Elo,yElo
Iga Swiatek,1,20.9,2190.1,,2110.9,1960.2,1583.7,,2150.5,2075.2,1886.9,,2022 BJK Cup QLS R1,20.9,2190.1,2267.9
Ashleigh Barty,2,25.7,2180.5,,2071.4,1891.4,1773.2,,2126.0,2035.9,1976.8,,2021 Us Open R64,25.3,2219.7,2114.6
Anett Kontaveit,3,26.2,2071.7,,1990.6,1720.4,1517.7,,2031.1,1896.1,1794.7,,2022 Indian Wells R64,26.2,2105.7,1989.4
Paula Badosa,4,24.4,2051.9,,1949.3,1831.0,1505.6,,2000.6,1941.4,1778.7,,2022 Australian Open R32,24.2,2083.8,2006.2
Maria Sakkari,5,26.7,2040.4,,1948.8,1787.6,1500.8,,1994.6,1914.0,1770.6,,2022 Indian Wells SF,26.6,2070.0,2013.0
Naomi Osaka,6,24.4,2034.9,,1977.9,1570.2,1500.0,,2006.4,1802.6,1767.5,,2021 Miami R16,23.4,2199.4,1992.7
Danielle Collins,7,28.3,2027.5,,1935.6,1715.1,1476.6,,1981.6,1871.3,1752.0,,2022 Australian Open SF,28.1,2047.9,1943.5
Simona Halep,8,30.4,2024.9,,1919.8,1868.5,1702.7,,1972.4,1946.7,1863.8,,2015 Stuttgart QF,23.6,2177.6,1970.6
Ons Jabeur,9,27.6,2016.6,,1898.0,1747.7,1745.6,,1957.3,1882.2,1881.1,,2021 Indian Wells QF,27.1,2040.9,1939.9
Victoria Azarenka,10,32.6,2009.8,,1917.6,1678.1,1563.2,,1963.7,1844.0,1786.5,,2013 Indian Wells R16,23.6,2325.4,1855.0
Belinda Bencic,11,25.1,1993.7,,1874.4,1758.8,1659.4,,1934.1,1876.2,1826.5,,2016 St. Petersburg SF,18.9,2121.1,2031.9
Garbine Muguruza,12,28.4,1993.6,,1906.0,1861.2,1671.6,,1949.8,1927.4,1832.6,,2017 US Open R32,23.9,2109.6,1730.7
Marketa Vondrousova,13,22.8,1993.6,,1912.2,1733.9,1314.1,,1952.9,1863.7,1653.8,,2019 Roland Garros SF,19.9,2059.5,1978.7
Jelena Ostapenko,14,24.8,1989.9,,1880.9,1681.5,1761.2,,1935.4,1835.7,1875.5,,2022 Doha QF,24.7,2034.7,1976.0
Barbora Krejcikova,15,26.2,1978.2,,1846.2,1849.7,1448.1,,1912.2,1913.9,1713.2,,2021 Us Open R16,25.7,2048.4,1878.7
Petra Kvitova,16,32.0,1971.9,,1876.5,1858.3,1699.4,,1924.2,1915.1,1835.6,,2012 Sydney QF,21.8,2174.5,1881.5
Karolina Pliskova,17,30.0,1967.9,,1860.8,1827.9,1772.1,,1914.4,1897.9,1870.0,,2019 Wimbledon R32,27.3,2087.4,
Elena Rybakina,18,22.8,1965.9,,1868.8,1719.6,1666.9,,1917.4,1842.8,1816.4,,2020 Dubai SF,20.7,2031.9,1929.9
Aryna Sabalenka,19,23.9,1949.4,,1843.8,1782.2,1699.9,,1896.6,1865.8,1824.7,,2021 Rome R32,23.0,2127.8,1754.0
Cori Gauff,20,18.0,1945.1,,1814.2,1818.0,1682.5,,1879.6,1881.5,1813.8,,2021 Roland Garros R16,17.2,2043.8,1877.3
Clara Tauson,21,19.2,1927.7,,1863.0,1547.7,1342.1,,1895.3,1737.7,1634.9,,2022 Australian Open R64,19.1,1964.2,1825.8
Jessica Pegula,22,28.1,1926.4,,1853.2,1528.4,1410.1,,1889.8,1727.4,1668.2,,2021 Rome R16,27.2,1981.5,1821.4
Karolina Muchova,23,25.6,1917.8,,1816.7,1599.0,1590.6,,1867.2,1758.4,1754.2,,2021 Australian Open QF,24.5,1996.9,
Angelique Kerber,24,34.2,1916.5,,1810.8,1692.0,1839.3,,1863.7,1804.3,1877.9,,2016 Singapore SF,28.8,2144.4,
Leylah Fernandez,25,19.6,1914.4,,1871.1,1405.8,1397.5,,1892.7,1660.1,1655.9,,2022 Indian Wells R32,19.5,1973.9,1825.5
Amanda Anisimova,26,20.6,1913.1,,1810.6,1732.6,1421.4,,1861.9,1822.9,1667.3,,2022 Australian Open R32,20.4,1952.8,1905.9
Veronika Kudermetova,27,24.9,1911.6,,1821.6,1788.9,1515.3,,1866.6,1850.3,1713.4,,2021 Roland Garros R128,24.1,1971.6,1914.2
Madison Keys,28,27.1,1906.6,,1833.4,1699.7,1639.6,,1870.0,1803.2,1773.1,,2016 Olympics QF,21.5,2090.8,1873.0
Daria Kasatkina,29,24.9,1900.5,,1812.3,1667.6,1626.4,,1856.4,1784.1,1763.5,,2018 Indian Wells SF,20.8,2046.5,1805.1
Anastasia Pavlyuchenkova,30,30.5,1896.5,,1787.0,1768.1,1481.5,,1841.8,1832.3,1689.0,,2011 Roland Garros R16,19.9,2062.4,
Elise Mertens,31,26.3,1883.6,,1805.7,1777.8,1535.2,,1844.7,1830.7,1709.4,,2021 Madrid R16,25.4,2045.1,1738.0
Elina Svitolina,32,27.5,1882.9,,1783.5,1842.1,1535.1,,1833.2,1862.5,1709.0,,2018 Roland Garros R64,23.7,2113.2,1552.1
Camila Giorgi,33,30.3,1879.6,,1760.0,1622.2,1643.2,,1819.8,1750.9,1761.4,,2021 Montreal SF,29.6,1947.6,1694.9
Bianca Andreescu,34,21.3,1875.9,,1857.7,1549.1,1391.5,,1866.8,1712.5,1633.7,,2019 Beijing R16,19.3,2158.0,
Johanna Konta,35,30.3,1848.7,,1727.7,1631.5,1687.5,,1788.2,1740.1,1768.1,,2017 Fed Cup WG2 R1,25.9,2087.1,
Ekaterina Alexandrova,36,27.4,1843.1,,1724.8,1629.4,1533.1,,1783.9,1736.3,1688.1,,2020 St. Petersburg R16,25.2,1974.4,1772.6
Yulia Putintseva,37,27.3,1842.7,,1737.5,1701.1,1456.1,,1790.1,1771.9,1649.4,,2020 Roland Garros R128,25.7,1912.7,1745.1
Katerina Siniakova,38,25.9,1841.9,,1689.5,1712.0,1609.7,,1765.7,1777.0,1725.8,,2017 Shenzhen F,20.6,1934.7,1766.8
Alison Riske,39,31.8,1839.5,,1762.1,1441.8,1687.7,,1800.8,1640.6,1763.6,,2020 Australian Open R32,29.5,1911.5,1863.3
Kaia Kanepi,40,36.8,1830.9,,1770.3,1622.5,1456.4,,1800.6,1726.7,1643.7,,2010 Beijing R64,25.3,1992.8,1841.8
Anhelina Kalinina,41,25.2,1829.8,,1672.2,1702.6,1299.0,,1751.0,1766.2,1564.4,,2022 Charleston R16,25.2,1837.1,1879.2
Aliaksandra Sasnovich,42,28.0,1828.7,,1773.8,1543.8,1398.8,,1801.2,1686.2,1613.8,,2019 Australian Open R64,24.8,1943.2,1846.2
Marie Bouzkova,43,23.7,1828.5,,1762.0,1362.4,1467.2,,1795.3,1595.5,1647.8,,2021 Guadalajara QF,22.6,1846.8,1918.3
Marta Kostyuk,44,19.7,1828.0,,1708.3,1692.7,1464.1,,1768.1,1760.4,1646.0,,2021 Chicago 1 R16,19.2,1861.0,1775.5
Sorana Cirstea,45,32.0,1827.1,,1723.3,1650.0,1445.1,,1775.2,1738.6,1636.1,,2013 US Open R128,23.4,1907.5,1809.8
Sara Sorribes Tormo,46,25.5,1825.9,,1722.2,1670.6,1523.2,,1774.0,1748.2,1674.5,,2021 Us Open R64,24.9,1908.7,1750.4
Jil Teichmann,47,24.7,1818.7,,1736.8,1631.1,1275.0,,1777.7,1724.9,1546.8,,2021 Chicago 2 R32,24.2,1887.4,1740.7
Irina Camelia Begu,48,31.6,1816.4,,1717.5,1647.2,1401.1,,1767.0,1731.8,1608.8,,2016 Roland Garros R32,25.7,1942.1,1784.4
Emma Raducanu,49,19.4,1815.5,,1688.1,1313.0,1468.2,,1751.8,1564.3,1641.9,,2021 Us Open F,18.8,2004.6,1637.2
Liudmila Samsonova,50,23.4,1811.4,,1701.6,1424.6,1718.0,,1756.5,1618.0,1764.7,,2021 Wimbledon R32,22.6,1904.4,1647.0
Shelby Rogers,51,29.5,1811.1,,1748.4,1550.3,1506.8,,1779.7,1680.7,1658.9,,2021 Charleston 2 R16,28.5,1874.0,1707.1
Dayana Yastremska,52,21.9,1810.9,,1738.4,1701.5,1544.9,,1774.7,1756.2,1677.9,,2019 Fed Cup G1 PM,18.7,1991.1,1801.4
Sloane Stephens,53,29.0,1809.1,,1673.4,1741.8,1620.3,,1741.3,1775.5,1714.7,,2017 US Open F,24.4,2021.8,1706.7
Qinwen Zheng,54,19.5,1808.0,,1675.0,1606.8,-,,1741.5,1707.4,1579.0,,2022 W60 Orlando FL F,19.3,1842.0,1830.0
Anna Kalinskaya,55,23.3,1804.7,,1733.9,1457.7,1487.4,,1769.3,1631.2,1646.0,,2022 Miami R64,23.3,1804.7,1802.8
Ann Li,56,21.7,1803.8,,1731.2,1485.4,1222.7,,1767.5,1644.6,1513.3,,2021 Monterrey QF,20.7,1882.9,1732.6
Camila Osorio,57,20.3,1801.7,,1690.3,1639.5,1596.3,,1746.0,1720.6,1699.0,,2022 Monterrey SF,20.2,1837.4,1733.9
Magda Linette,58,30.2,1801.5,,1700.4,1506.0,1475.2,,1750.9,1653.7,1638.4,,2020 Lexington R32,28.5,1827.3,1794.3
Daria Gavrilova,59,28.0,1801.3,,1755.3,1569.2,1384.4,,1778.3,1685.2,1592.8,,2017 Australian Open R32,22.9,1957.5,1885.4
Tereza Martincova,60,27.5,1796.7,,1710.8,1402.3,1568.4,,1753.8,1599.5,1682.6,,2022 Indian Wells R128,27.4,1824.0,1710.8
Donna Vekic,61,25.8,1796.1,,1724.3,1616.2,1587.9,,1760.2,1706.1,1692.0,,2019 Us Open R16,23.2,1950.2,
Anastasija Sevastova,62,31.8,1794.7,,1653.9,1707.1,1594.0,,1724.3,1750.9,1694.4,,2018 Moscow QF,28.5,1991.9,
Elena Gabriela Ruse,63,24.4,1794.5,,1723.4,1573.0,1572.0,,1759.0,1683.8,1683.3,,2022 Dubai R32,24.3,1848.9,1762.3
Viktorija Golubic,64,29.4,1792.7,,1683.3,1541.7,1603.9,,1738.0,1667.2,1698.3,,2021 Tokyo Olympics R64,28.8,1828.4,1762.0
Vera Zvonareva,65,37.5,1792.5,,1682.7,1607.9,1592.3,,1737.6,1700.2,1692.4,,2009 Miami R64,24.5,2187.0,1675.8
Tsvetana Pironkova,66,34.0,1788.7,,1720.4,1516.8,1574.6,,1754.6,1652.7,1681.6,,2006 Bratislava 75K R16,19.1,1854.7,
Qiang Wang,67,30.3,1781.7,,1705.7,1583.9,1449.4,,1743.7,1682.8,1615.6,,2018 Hong Kong SF,26.7,1984.2,1720.8
Alize Cornet,68,32.2,1778.9,,1673.6,1602.0,1521.3,,1726.2,1690.4,1650.1,,2008 New Haven QF,18.6,2026.0,1656.1
Kaja Juvan,69,21.4,1776.9,,1685.8,1568.9,1599.1,,1731.3,1672.9,1688.0,,2022 BJK Cup G1 RR,21.4,1776.9,1841.2
Petra Martic,70,31.2,1776.6,,1663.9,1734.1,1546.5,,1720.2,1755.4,1661.5,,2019 Wuhan R16,28.7,1977.8,1750.2
Alison Van Uytvanck,71,28.0,1776.5,,1691.6,1503.4,1608.0,,1734.0,1639.9,1692.2,,2018 Montreal R64,24.4,1854.6,1649.8
Caroline Garcia,72,28.4,1774.1,,1676.8,1692.2,1557.4,,1725.5,1733.1,1665.7,,2017 Singapore RR,24.0,2043.4,1740.7
Ajla Tomljanovic,73,28.9,1773.6,,1653.9,1616.0,1618.6,,1713.8,1694.8,1696.1,,2019 Rabat QF,26.0,1864.1,1610.5
Jasmine Paolini,74,26.3,1769.2,,1665.3,1611.4,1225.3,,1717.3,1690.3,1497.3,,2022 Melbourne 2 R32,26.0,1796.5,1728.8
Laura Siegemund,75,34.1,1765.7,,1670.1,1653.2,1389.2,,1717.9,1709.4,1577.4,,2016 Madrid R32,28.2,1918.8,
Katie Boulter,76,25.6,1765.4,,1663.0,1390.9,1557.9,,1714.2,1578.1,1661.6,,2021 Portoroz R32,25.1,1811.5,1781.3
Rebecca Peterson,77,26.7,1763.6,,1714.3,1564.4,1411.3,,1738.9,1664.0,1587.4,,2019 Tianjin F,24.2,1901.9,1690.2
Ana Konjuh,78,24.3,1762.6,,1690.8,1591.5,1606.6,,1726.7,1677.1,1684.6,,2017 Dubai R16,19.2,1897.2,1655.0
Tamara Zidansek,79,24.3,1762.3,,1570.2,1772.5,1392.6,,1666.3,1767.4,1577.5,,2019 Eastbourne R64,21.5,1853.2,1674.2
Nadia Podoroska,80,24.6,1759.9,,1589.7,1677.1,1411.2,,1674.8,1718.5,1585.5,,2021 Yarra Valley Classic R16,24.0,1864.0,
Andrea Petkovic,81,34.5,1758.3,,1666.5,1634.6,1413.4,,1712.4,1696.5,1585.9,,2011 Beijing SF,24.1,2094.7,1717.7
Su Wei Hsieh,82,35.8,1757.7,,1709.6,1507.5,1561.2,,1733.6,1632.6,1659.5,,2019 Rabat R16,33.3,1904.2,
Lesia Tsurenko,83,32.8,1750.4,,1675.5,1570.4,1540.0,,1712.9,1660.4,1645.2,,2018 Brisbane SF,29.6,1943.6,1597.4
Beatriz Haddad Maia,84,25.9,1740.5,,1719.5,1534.3,1513.0,,1730.0,1637.4,1626.8,,2017 Cincinnati R64,21.2,1842.9,1793.1
Saisai Zheng,85,27.8,1740.0,,1649.8,1538.7,1384.5,,1694.9,1639.4,1562.3,,2020 Fed Cup G1 RR,26.1,1834.0,
Shuai Zhang,86,33.2,1738.2,,1653.0,1523.1,1550.0,,1695.6,1630.7,1644.1,,2016 Honolulu SF,27.8,1868.2,1732.2
Madison Brengle,87,32.0,1737.0,,1685.5,1513.8,1454.3,,1711.3,1625.4,1595.7,,2016 Osprey FL $50K F,26.0,1854.1,1760.0
Zarina Diyas,88,28.2,1730.9,,1691.0,1524.1,1487.8,,1711.0,1627.5,1609.4,,2015 Dubai R32,21.3,1860.3,
Sofia Kenin,89,23.3,1729.9,,1658.6,1531.7,1500.0,,1694.2,1630.8,1614.9,,2020 Fed Cup QLS R1,21.2,2049.1,
Jaqueline Cristian,90,23.7,1722.4,,1637.7,1510.1,1228.1,,1680.0,1616.2,1475.2,,2021 Linz QF,23.4,1743.8,1656.2
Nuria Parrizas Diaz,91,30.8,1717.3,,1574.8,1600.2,1442.1,,1646.0,1658.7,1579.7,,2022 Monterrey QF,30.6,1755.3,1710.6
Mayar Sherif,92,25.9,1713.7,,1459.2,1748.0,1471.0,,1586.5,1730.8,1592.4,,2021 Dubai Aus Open Qualies Qual,24.7,1759.5,1723.4
Lauren Davis,93,28.5,1700.0,,1622.4,1544.6,1477.9,,1661.2,1622.3,1588.9,,2017 Indian Wells R32,23.4,1901.2,1671.2
Kirsten Flipkens,94,36.2,1698.4,,1608.4,1491.6,1596.5,,1653.4,1595.0,1647.4,,2013 Toronto R32,27.6,1939.3,1608.1
Anna Karolina Schmiedlova,95,27.6,1694.3,,1586.8,1608.3,1290.2,,1640.5,1651.3,1492.2,,2015 Wuhan R16,21.0,1931.9,1570.9
Varvara Gracheva,96,21.7,1694.2,,1641.8,1453.7,1292.0,,1668.0,1573.9,1493.1,,2019 Moscow R32,19.2,1808.5,1664.7
Claire Liu,97,21.9,1693.5,,1518.0,1587.2,1492.4,,1605.7,1640.3,1592.9,,2021 Chicago 125 QF,21.2,1723.8,1689.6
Ana Bogdan,98,29.3,1692.2,,1601.7,1570.1,1445.3,,1647.0,1631.1,1568.7,,2018 New Haven Qual,25.7,1793.9,1639.6
Rebecca Marino,99,31.3,1688.9,,1632.6,1319.7,1386.1,,1660.8,1504.3,1537.5,,2011 Nassau 100K QF,20.2,1832.8,1762.0
Anastasia Potapova,100,21.0,1683.3,,1597.4,1557.6,1479.6,,1640.3,1620.5,1581.4,,2019 Budapest QF,17.9,1815.8,1579.8
Kateryna Kozlova,101,27.9,1682.4,,1574.5,1606.2,1365.3,,1628.4,1644.3,1523.8,,2016 Kreuzlingen $50K QF,22.0,1804.0,
Monica Niculescu,102,34.0,1678.4,,1550.9,1581.2,1569.4,,1614.6,1629.8,1623.9,,2013 Indian Wells R128,25.4,1887.4,
Magdalena Frech,103,24.3,1677.5,,1589.9,1549.3,1429.0,,1633.7,1613.4,1553.3,,2021 Indian Wells R128,23.8,1728.1,1601.6
Coco Vandeweghe,104,30.3,1673.2,,1536.1,1603.6,1669.5,,1604.7,1638.4,1671.4,,2017 Zhuhai SF,25.9,1986.3,1652.4
Elisabetta Cocciaretto,105,21.2,1672.0,,1574.4,1609.5,1500.0,,1623.2,1640.7,1586.0,,2020 Prague SF,19.6,1801.9,1672.9
Maryna Zanevska,106,28.5,1671.0,,1577.7,1601.0,1260.9,,1624.3,1636.0,1466.0,,2016 Limoges R16,23.2,1737.7,1595.8
Kristyna Pliskova,107,29.5,1667.2,,1569.9,1558.8,1521.1,,1618.5,1613.0,1594.1,,2018 Nurnberg R16,26.2,1811.4,
Bernarda Pera,108,27.2,1666.5,,1540.9,1633.5,1357.9,,1603.7,1650.0,1512.2,,2018 Madrid R32,23.4,1825.7,1572.6
Varvara Lepchenko,109,35.2,1665.2,,1542.8,1570.9,1426.6,,1604.0,1618.1,1545.9,,2015 Australian Open R64,28.7,1884.7,
Danka Kovinic,110,27.4,1664.1,,1479.7,1659.8,1239.0,,1571.9,1662.0,1451.6,,2016 Istanbul SF,21.4,1804.4,1673.6
Kristina Mladenovic,111,28.9,1663.1,,1584.0,1641.9,1534.8,,1623.5,1652.5,1598.9,,2017 Roland Garros R16,24.0,1984.3,
Linda Noskova,112,17.4,1658.0,,1533.0,1502.6,-,,1595.5,1580.3,1504.0,,2022 W60 Croissy-Beaubourg F,17.4,1658.0,1676.5
Harriet Dart,113,25.7,1657.3,,1601.8,1431.9,1395.9,,1629.5,1544.6,1526.6,,2022 Indian Wells R32,25.6,1692.4,1645.5
Misaki Doi,114,30.9,1657.0,,1576.2,1493.5,1447.6,,1616.6,1575.2,1552.3,,2016 Stanford R16,25.2,1827.9,1578.4
Xin Yu Wang,115,20.5,1654.8,,1617.7,1265.6,1516.7,,1636.3,1460.2,1585.8,,2021 Linz R16,20.1,1780.4,1548.3
Lucia Bronzetti,116,23.3,1652.2,,1579.5,1454.3,-,,1615.9,1553.3,1501.1,,2022 Guadalajara R32,23.2,1677.1,1680.8
Harmony Tan,117,24.6,1651.6,,1597.9,1409.1,1324.8,,1624.7,1530.4,1488.2,,2022 Miami Qual,24.5,1733.1,1583.1
Arantxa Rus,118,31.3,1651.4,,1546.5,1594.6,1389.6,,1599.0,1623.0,1520.5,,2011 Cuneo 100K SF,20.5,1768.8,1488.2
Nina Stojanovic,119,25.5,1649.8,,1540.7,1530.8,1432.0,,1595.3,1590.3,1540.9,,2019 W80 Poitiers F,23.2,1743.3,
Anna Bondar,120,24.9,1647.4,,1486.7,1628.8,1402.4,,1567.0,1638.1,1524.9,,2022 Melbourne 1 R32,24.6,1724.7,1594.3
Martina Trevisan,121,28.4,1646.8,,1493.8,1633.4,1201.1,,1570.3,1640.1,1424.0,,2021 Indian Wells R128,27.9,1713.7,1577.9
Vitalia Diatchenko,122,31.7,1646.0,,1598.2,1370.1,1529.0,,1622.1,1508.0,1587.5,,2014 Dubai 75K QF,24.3,1826.8,
Samantha Stosur,123,37.8,1645.7,,1530.7,1688.9,1473.6,,1588.2,1667.3,1559.7,,2010 Roland Garros SF,26.1,2146.9,
Heather Watson,124,29.9,1643.4,,1582.6,1404.9,1464.3,,1613.0,1524.2,1553.8,,2014 Eastbourne QF,22.1,1922.2,1603.5
Fiona Ferro,125,25.1,1643.0,,1543.3,1640.1,1341.6,,1593.1,1641.5,1492.3,,2021 Lyon QF,24.0,1845.8,1442.6
Greet Minnen,126,24.6,1641.7,,1525.6,1434.0,1550.7,,1583.6,1537.8,1596.2,,2020 Doha Qual,22.5,1785.3,1586.1
Tatjana Maria,127,34.7,1640.6,,1535.3,1493.3,1692.1,,1587.9,1567.0,1666.3,,2009 Bronx NY [Main Draw only] 100K F,22.0,1780.4,1757.9
Dalma Galfi,128,23.7,1639.0,,1571.4,1545.7,1265.1,,1605.2,1592.3,1452.0,,2022 W80 Oeiras QF,23.6,1675.6,1645.2
Viktoria Kuzmova,129,23.8,1637.4,,1600.3,1490.5,1288.0,,1618.9,1564.0,1462.7,,2018 s-Hertogenbosch QF,20.1,1886.7,1637.4
Polona Hercog,130,31.2,1636.8,,1522.2,1625.7,1469.2,,1579.5,1631.3,1553.0,,2009 Prague R32,18.5,1887.8,
Olga Danilovic,131,20.8,1636.6,,1572.8,1536.2,1274.9,,1604.7,1586.4,1455.8,,2018 US Open Qual,17.6,1799.6,
Elina Avanesyan,132,19.5,1635.5,,1464.6,1561.9,-,,1550.0,1598.7,1492.7,,2022 Bogota R16,19.5,1652.1,1650.7
Mihaela Buzarnescu,133,33.9,1631.8,,1553.8,1514.5,1465.1,,1592.8,1573.2,1548.4,,2018 Montreal R64,30.3,1971.9,
Alexandra Dulgheru,134,32.2,1631.4,,1510.8,1543.1,1523.2,,1571.1,1587.2,1577.3,,2010 Budapest QF,21.1,1991.6,
Katie Volynets,135,20.3,1630.1,,1438.7,1594.1,1387.7,,1534.4,1612.1,1508.9,,2021 Bastad R32,19.5,1637.9,1704.3
Clara Burel,136,21.0,1627.2,,1526.7,1566.2,1498.0,,1577.0,1596.7,1562.6,,2021 Lausanne SF,20.3,1799.3,1516.4
Oceane Dodin,137,25.5,1621.7,,1518.8,1525.1,1451.0,,1570.2,1573.4,1536.3,,2016 Limoges R32,20.1,1801.1,1583.1
Storm Sanders,138,27.6,1618.4,,1534.5,1506.6,1395.1,,1576.4,1562.5,1506.7,,2022 Adelaide 2 Qual,27.4,1693.3,1511.0
Aliona Bolsova,139,24.3,1616.5,,1580.3,1490.8,1236.9,,1598.4,1553.7,1426.7,,2019 Mallorca Qual,21.6,1724.1,1521.6
Sujeong Jang,140,27.1,1610.3,,1180.5,1520.5,-,,1395.4,1565.4,1480.2,,2022 BJK Cup G1 RR,27.1,1610.3,1667.2
Aleksandra Krunic,141,29.1,1609.7,,1497.4,1585.6,1547.0,,1553.6,1597.7,1578.4,,2017 Tashkent R16,24.5,1810.1,1537.4
Anna Blinkova,142,23.6,1606.3,,1542.4,1514.4,1469.9,,1574.4,1560.3,1538.1,,2020 Shenzhen R32,21.3,1804.1,1589.7
Xiyu Wang,143,21.0,1606.2,,1514.0,1536.0,1432.8,,1560.1,1571.1,1519.5,,2020 Acapulco QF,18.9,1773.6,1594.5
Kamilla Rakhimova,144,20.6,1605.0,,1475.2,1520.4,1328.1,,1540.1,1562.7,1466.6,,2021 Belgrade R32,19.7,1700.8,1616.3
Sara Errani,145,34.9,1604.4,,1534.6,1565.7,1309.4,,1569.5,1585.1,1456.9,,2013 Roland Garros QF,26.1,2078.9,1479.6
Kristina Kucova,146,31.8,1600.7,,1520.9,1524.4,1233.0,,1560.8,1562.5,1416.8,,2016 US Open Qual,26.3,1731.2,1528.6
Cristina Bucsa,147,24.3,1596.9,,1562.0,1325.8,1425.4,,1579.4,1461.4,1511.2,,2022 W60 Croissy-Beaubourg R16,24.2,1632.7,1615.0
Tereza Smitkova,148,26.9,1596.5,,1512.5,1439.0,1456.7,,1554.5,1517.7,1526.6,,2015 Australian Open R128,20.3,1808.4,
Caty Mcnally,149,20.4,1590.8,,1529.3,1384.8,1491.1,,1560.0,1487.8,1540.9,,2019 Indian Wells Qual,17.3,1799.3,1565.9
Jule Niemeier,150,22.6,1589.2,,1469.3,1583.2,1478.9,,1529.3,1586.2,1534.1,,2021 Hamburg QF,21.9,1767.9,1500.4
Lin Zhu,151,28.2,1588.8,,1582.8,1169.9,1296.2,,1585.8,1379.3,1442.5,,2019 W100 Shenzhen SF,25.8,1736.6,1449.9
Ysaline Bonaventure,152,27.6,1586.8,,1552.1,1366.4,1487.1,,1569.5,1476.6,1536.9,,2019 Rabat R16,24.7,1778.8,1613.3
Hailey Baptiste,153,20.4,1584.7,,1467.3,1457.9,1457.2,,1526.0,1521.3,1521.0,,2021 Chicago 125 R32,19.8,1689.7,1584.3
Astra Sharma,154,26.6,1582.3,,1522.7,1491.6,1305.0,,1552.5,1536.9,1443.7,,2019 Strasbourg R32,23.7,1701.8,1495.4
Christina Mchale,155,29.9,1580.1,,1531.7,1470.5,1387.3,,1555.9,1525.3,1483.7,,2012 Indian Wells R32,19.8,1959.3,1482.2
Moyuka Uchijima,156,20.7,1577.9,,1269.1,1591.2,-,,1423.5,1584.5,1463.9,,2022 BJK Cup G1 RR,20.7,1577.9,1716.6
Anastasia Kulikova,157,22.1,1577.6,,1554.6,1500.0,1500.0,,1566.1,1538.8,1538.8,,2021 W60 Vitoria-Gasteiz R16,21.4,1656.1,
Timea Babos,158,28.9,1573.5,,1549.1,1407.8,1373.4,,1561.3,1490.7,1473.5,,2016 US Open R64,23.3,1869.4,
Danielle Lao,159,30.7,1573.0,,1514.2,1142.6,1488.2,,1543.6,1357.8,1530.6,,2018 Las Vegas NV $80K R16,27.4,1676.1,
Raluca Georgiana Serban,160,24.8,1566.6,,1374.3,1500.1,1293.5,,1470.4,1533.3,1430.0,,2022 W60 Bellinzona F,24.8,1566.6,1695.7
Katarina Zavatska,161,22.2,1563.1,,1455.1,1488.3,1237.3,,1509.1,1525.7,1400.2,,2019 W60 Las Vegas NV QF,19.7,1676.2,
Yue Yuan,162,30.8,1561.9,,1468.1,1355.6,-,,1515.0,1458.7,1455.9,,2022 Australian Open Qual,30.6,1608.8,1590.0
Viktoriya Tomova,163,27.1,1561.3,,1465.8,1494.2,1357.9,,1513.6,1527.7,1459.6,,2016 US Open Qual,21.5,1678.4,1624.3
Yafan Wang,164,27.2,1558.7,,1551.2,1215.8,1433.4,,1555.0,1387.3,1496.1,,2019 Miami R32,24.9,1809.6,
Stefanie Voegele,165,32.1,1557.2,,1500.1,1440.5,1222.0,,1528.7,1498.9,1389.6,,2013 Charleston QF,23.1,1845.3,1552.1
Victoria Jimenez Kasintseva,166,16.5,1557.2,,1443.4,1473.1,-,,1500.3,1515.1,1453.6,,2022 W60+H Bendigo SF,16.4,1593.7,1577.1
Francesca Jones,167,21.3,1555.9,,1458.3,1527.9,1139.1,,1507.1,1541.9,1347.5,,2021 Phillip Island Trophy R64,20.4,1683.2,
Linda Fruhvirtova,168,17.0,1554.7,,1474.6,1290.2,-,,1514.7,1422.4,1452.4,,2022 Charleston R64,16.9,1587.3,1605.0
Mandy Minella,169,36.4,1553.7,,1523.4,1432.8,1361.3,,1538.6,1493.2,1457.5,,2017 Monterrey R32,31.4,1672.3,1596.4
Kathinka Von Deichmann,170,27.9,1553.1,,1508.9,1305.5,1281.2,,1531.0,1429.3,1417.2,,2018 Saint Malo $60K R16,24.3,1594.7,1590.3
Nao Hibino,171,27.4,1544.0,,1480.0,1405.2,1307.4,,1512.0,1474.6,1425.7,,2015 Tashkent F,20.8,1738.3,1436.2
Rebecca Sramkova,172,25.3,1543.3,,1429.6,1492.1,1404.9,,1486.4,1517.7,1474.1,,2016 Biarritz $100K F,19.9,1682.7,
Tamara Korpatsch,173,26.9,1542.2,,1326.4,1534.3,1295.6,,1434.3,1538.2,1418.9,,2019 W60 Nantes SF,24.5,1661.3,1652.5
Priscilla Hon,174,23.9,1536.7,,1493.2,1231.2,1386.7,,1515.0,1384.0,1461.7,,2019 W60 Bendigo QF,21.4,1662.5,1454.9
Mai Hontama,175,22.6,1535.1,,1454.7,1234.1,-,,1494.9,1384.6,1442.5,,2022 Lyon Qual,22.5,1574.3,1524.6
Alexa Glatch,176,32.1,1535.0,,1500.0,1393.9,1321.7,,1517.5,1464.4,1428.4,,2011 Cincinnati Qual,21.9,1684.5,
Erika Andreeva,177,17.8,1533.9,,1398.0,1323.9,-,,1465.9,1428.9,1441.9,,2022 W60 Altenkirchen QF,17.6,1587.3,1600.1
Irina Maria Bara,178,27.1,1530.6,,1330.0,1487.2,1288.4,,1430.3,1508.9,1409.5,,2019 W60 Szekesfehervar SF,24.6,1638.4,1543.8
Sachia Vickery,179,26.9,1530.3,,1495.4,1329.2,1355.8,,1512.9,1429.7,1443.0,,2018 Monterrey QF,22.9,1742.5,1501.5
Daria Snigur,180,20.0,1528.1,,1435.7,1220.9,1314.2,,1481.9,1374.5,1421.2,,2022 W60 Altenkirchen SF,19.9,1586.7,1501.3
Irina Khromacheva,181,26.9,1522.8,,1374.1,1489.8,1343.5,,1448.5,1506.3,1433.2,,2016 Biarritz $100K R16,21.3,1685.2,
Fernanda Contreras Gomez,182,24.5,1521.4,,1470.3,1508.0,1500.0,,1495.8,1514.7,1510.7,,2020 Fed Cup G1 PPO,22.3,1636.4,1529.7
Anastasia Tikhonova,183,21.2,1519.9,,1488.5,1230.0,-,,1504.2,1375.0,1435.0,,2022 W60 Pretoria QF,21.2,1519.9,1585.8
Diane Parry,184,19.6,1519.6,,1299.9,1546.2,-,,1409.7,1532.9,1434.8,,2022 Sydney Qual,19.4,1625.6,1432.1
Lesley Kerkhove,185,30.4,1518.7,,1428.1,1226.5,1446.8,,1473.4,1372.6,1482.8,,2021 W100 Landisville PA (MOVED FROM 02 AUG) QF,29.8,1604.6,1438.6
Barbara Haas,186,26.1,1517.6,,1392.7,1467.9,1418.0,,1455.1,1492.7,1467.8,,2016 Saint Malo $50K R32,20.5,1621.5,
Lara Arruabarrena,187,29.8,1515.2,,1426.5,1450.2,1413.8,,1470.8,1482.7,1464.5,,2013 Indian Wells R32,21.0,1814.9,
Caroline Dolehide,188,23.6,1515.1,,1509.0,1270.8,1298.1,,1512.1,1392.9,1406.6,,2018 Roland Garros Qual,19.7,1733.8,1544.1
Ekaterine Gorgodze,189,30.4,1515.0,,1306.4,1485.5,1458.1,,1410.7,1500.2,1486.5,,2018 Biarritz $80K R32,26.8,1571.2,1540.6
Panna Udvardy,190,23.5,1515.0,,1023.6,1596.9,1374.5,,1269.3,1555.9,1444.7,,2021 W60 Brasilia F,23.2,1575.6,1476.5
Alycia Parks,191,21.3,1511.1,,1469.1,1350.1,-,,1490.1,1430.6,1430.6,,2021 W60 Charlottesville VA R16,20.3,1553.9,1542.5
Kateryna Bondarenko,192,35.6,1509.4,,1507.2,1349.7,1491.2,,1508.3,1429.6,1500.3,,2009 Beijing Qual,23.2,1965.8,1393.4
Rebeka Masarova,193,22.6,1506.6,,1416.5,1401.2,-,,1461.5,1453.9,1428.3,,2021 W80 Valencia R32,22.1,1663.8,1490.2
Maddison Inglis,194,24.2,1505.2,,1447.0,1285.5,1243.0,,1476.1,1395.4,1374.1,,2021 Adelaide R32,23.1,1580.3,1516.9
En Shuo Liang,195,21.3,1504.6,,1448.2,1334.5,1305.7,,1476.4,1419.6,1405.2,,2019 W60 Fukuoka R16,18.6,1583.7,
Chloe Paquet,196,27.8,1502.7,,1465.8,1362.1,1300.8,,1484.2,1432.4,1401.7,,2022 W60 Croissy-Beaubourg QF,27.7,1535.7,1502.5
Olga Govortsova,197,33.6,1501.9,,1428.3,1403.6,1553.1,,1465.1,1452.8,1527.5,,2009 Moscow SF,21.2,1856.4,1344.0
Mona Barthel,198,31.7,1500.7,,1511.2,1464.0,1314.3,,1506.0,1482.4,1407.5,,2012 Madrid R64,21.8,1993.1,
Olivia Gadecki,199,19.9,1498.9,,1393.9,1387.2,-,,1446.4,1443.0,1424.5,,2022 W60 Canberra SF,19.9,1574.6,1551.9
Kurumi Nara,200,30.3,1497.0,,1429.3,1448.9,1343.1,,1463.2,1473.0,1420.1,,2015 Hobart QF,23.0,1824.1,1465.7
Emina Bektas,201,29.0,1495.8,,1467.4,1199.9,-,,1481.6,1347.8,1422.9,,2017 Albuquerque NM $80K F,24.5,1571.9,1529.7
Natalia Vikhlyantseva,202,25.1,1495.1,,1410.4,1470.9,1425.8,,1452.8,1483.0,1460.5,,2017 St. Petersburg R16,20.0,1805.5,1436.1
Yuriko Miyazaki,203,26.4,1493.6,,1442.7,1215.7,1284.2,,1468.2,1354.7,1388.9,,2022 W60 Pretoria QF,26.4,1530.6,1544.7
Robin Anderson,204,29.0,1489.4,,1438.1,1251.0,1293.6,,1463.8,1370.2,1391.5,,2019 W60 Croissy Beaubourg SF,25.9,1627.4,1414.7
Kristie Ahn,205,29.2,1489.1,,1479.6,1249.3,1485.7,,1484.4,1369.2,1487.4,,2017 Wimbledon Qual,25.0,1750.3,
Laura Pigossi,206,27.7,1488.5,,1239.3,1491.7,-,,1363.9,1490.1,1419.2,,2022 Bogota SF,27.7,1506.4,1620.7
Na Lae Han,207,29.8,1488.2,,1407.8,1395.3,1267.9,,1448.0,1441.7,1378.0,,2019 Us Open Qual,27.1,1497.1,1586.1
Louisa Chirico,208,25.9,1487.9,,1426.9,1374.6,1232.2,,1457.4,1431.3,1360.0,,2016 Madrid QF,20.0,1800.8,1547.0
Paula Ormaechea,209,29.5,1485.4,,1343.5,1454.9,1280.1,,1414.5,1470.1,1382.8,,2013 Roland Garros R64,20.7,1807.9,1409.0
Alexandra Cadantu,210,31.9,1484.2,,1330.7,1452.6,1118.1,,1407.4,1468.4,1301.2,,2012 Olomouc 100K SF,22.2,1766.9,
Lizette Cabrera,211,24.1,1482.6,,1439.9,1167.4,1274.1,,1461.3,1325.0,1378.4,,2017 Taipei R16,19.9,1576.7,
Kimberly Birrell,212,23.9,1482.6,,1459.3,1252.0,1155.6,,1470.9,1367.3,1319.1,,2019 W60 Launceston R32,20.8,1537.6,1522.5
Georgina Garcia Perez,213,29.8,1479.3,,1378.5,1436.1,1304.7,,1428.9,1457.7,1392.0,,2018 Zagreb $60K R16,26.3,1663.2,
Veronica Cepede Royg,214,30.0,1473.2,,1403.0,1476.1,1332.4,,1438.1,1474.6,1402.8,,2018 Acapulco R16,26.1,1732.1,
Jana Fett,215,25.4,1473.2,,1397.2,1304.2,1410.0,,1435.2,1388.7,1441.6,,2017 Luxembourg Qual,21.0,1758.5,
Carolina Alves,216,26.0,1472.4,,1464.5,1321.6,-,,1468.4,1397.0,1411.2,,2022 BJK Cup G1 RR,26.0,1472.4,1575.5
Anna Lena Friedsam,217,28.2,1472.3,,1436.2,1459.8,1426.7,,1454.2,1466.0,1449.5,,2016 Nurnberg R16,22.3,1831.2,
Anastasia Gasanova,218,22.9,1470.9,,1437.7,1317.2,1278.6,,1454.3,1394.0,1374.7,,2021 St. Petersburg R16,21.8,1656.4,
Mayo Hibi,219,25.6,1469.2,,1410.5,1205.2,1320.9,,1439.8,1337.2,1395.0,,2013 Las Vegas NV 50K QF,17.5,1644.7,
Usue Maitane Arconada,220,23.3,1468.2,,1445.3,1177.5,1324.6,,1456.7,1322.9,1396.4,,2019 New Haven SF,20.8,1636.9,1357.2
Asia Muhammad,221,30.8,1467.6,,1379.9,1299.5,1343.0,,1423.8,1383.6,1405.3,,2017 Launceston $60K QF,25.8,1624.9,
Emma Navarro,222,20.9,1467.5,,1358.4,1375.1,-,,1413.0,1421.3,1408.8,,2022 W60 Rome GA QF,20.7,1529.8,1505.8
Victoria Duval,223,25.9,1466.0,,1437.8,1363.6,1353.3,,1451.9,1414.8,1409.6,,2014 Prague 100K R32,18.4,1742.7,
Yuliya Hatouka,224,21.9,1465.6,,1319.0,1373.2,1320.9,,1392.3,1419.4,1393.3,,2022 W60+H Bendigo R16,21.7,1493.1,1497.7
Ipek Oz,225,22.8,1465.3,,997.7,1491.4,-,,1231.5,1478.4,1407.7,,2022 BJK Cup G1 RR,22.8,1485.4,1628.2
Mariam Bolkvadze,226,24.3,1460.8,,1438.8,1173.4,1144.4,,1449.8,1317.1,1302.6,,2021 Columbus 125 R32,23.7,1612.0,1423.7
Cagla Buyukakcay,227,32.0,1459.7,,1386.2,1419.7,1090.7,,1423.0,1439.7,1275.2,,2016 Roland Garros Qual,26.7,1723.2,
Lina Glushko,228,22.3,1458.1,,1410.7,1484.7,1500.0,,1434.4,1471.4,1479.0,,2019 Fed Cup G2 RR,19.1,1580.9,1483.2
Anastasia Zakharova,229,20.1,1453.0,,1411.2,1217.4,-,,1432.1,1335.2,1401.5,,2021 Nur-Sultan Qual,19.7,1487.2,1505.7
Maria Lourdes Carle,230,22.2,1452.2,,1369.8,1350.2,-,,1411.0,1401.2,1401.1,,2022 BJK Cup G1 PPO,22.2,1452.2,1572.2
Grace Min,231,27.9,1452.1,,1357.5,1413.5,1296.9,,1404.8,1432.8,1374.5,,2014 Bastad R32,20.2,1752.9,1473.1
Ane Mintegi Del Olmo,232,18.1,1450.8,,1395.3,1320.2,-,,1423.1,1385.5,1400.4,,2021 Montevideo R16,18.1,1480.1,
Sara Bejlek,233,16.2,1450.4,,1172.0,1447.0,-,,1311.2,1448.7,1400.2,,2021 W60 Prerov R32,15.6,1565.1,
Simona Waltert,234,21.3,1450.3,,1335.4,1335.2,1396.6,,1392.8,1392.8,1423.4,,2021 Strasbourg Qual,20.4,1538.2,1486.2
Ellen Perez,235,26.5,1449.7,,1337.8,1306.7,1392.0,,1393.8,1378.2,1420.9,,2021 San Jose Qual,25.8,1542.5,
Jessika Ponchet,236,25.4,1449.4,,1413.7,1280.7,1278.4,,1431.6,1365.1,1363.9,,2019 W60 Shrewsbury R32,22.4,1594.6,1473.3
Arianne Hartono,237,26.0,1449.0,,1397.1,1319.8,1295.8,,1423.1,1384.4,1372.4,,2021 Montevideo R32,25.6,1557.2,1407.5
Sophie Chang,238,24.9,1446.3,,1319.8,1365.9,-,,1383.0,1406.1,1398.1,,2021 Concord Qual,24.2,1487.3,1515.7
Joanne Zuger,239,21.4,1446.0,,1405.0,1127.8,-,,1425.5,1286.9,1398.0,,2022 W60 Pretoria QF,21.4,1488.6,1540.5
Katrina Scott,240,17.4,1445.8,,1393.4,1238.8,-,,1419.6,1342.3,1397.9,,2021 Concord R16,17.1,1490.6,
Elvina Kalieva,241,18.7,1443.8,,1410.5,1216.9,-,,1427.1,1330.4,1396.9,,2022 W60 Orlando FL QF,18.5,1538.1,1464.2
Yuki Naito,242,21.2,1443.0,,1274.4,1338.5,-,,1358.7,1390.8,1396.5,,2022 BJK Cup G1 RR,21.2,1462.5,1516.5
Federica Di Sarra,243,31.7,1440.7,,1240.8,1428.2,-,,1340.8,1434.5,1395.4,,2021 Courmayeur Qual,31.4,1494.4,
Allie Kiick,244,26.8,1439.1,,1320.6,1466.3,1222.0,,1379.9,1452.7,1330.6,,2015 Indian Harbour Beach FL $50K QF,19.8,1685.3,
Ellie Douglas,245,21.9,1438.2,,1437.4,1151.3,-,,1437.8,1294.7,1394.1,,2022 W60+H Irapuato R16,21.8,1528.9,1497.0
Arina Rodionova,246,32.3,1432.9,,1378.3,1129.1,1513.5,,1405.6,1281.0,1473.2,,2017 Nanchang R16,27.6,1624.6,
Dalila Jakupovic,247,30.5,1432.5,,1394.8,1284.1,1445.0,,1413.7,1358.3,1438.8,,2018 Birmingham R32,27.2,1729.7,
Seone Mendez,248,22.9,1432.4,,1299.7,1368.4,-,,1366.1,1400.4,1391.2,,2022 W60+H Irapuato R16,22.8,1480.2,1441.0
Gabriela Talaba,249,26.6,1432.4,,1245.5,1384.2,1312.4,,1339.0,1408.3,1372.4,,2022 W100 Palm Harbor FL R16,26.6,1454.0,1516.7
Jamie Loeb,250,27.1,1431.1,,1412.7,1318.5,1266.4,,1421.9,1374.8,1348.8,,2017 Indian Wells Qual,22.0,1638.6,1409.7
Renata Zarazua,251,24.5,1430.8,,1378.8,1417.2,1267.8,,1404.8,1424.0,1349.3,,2020 W100 Charleston SC QF,23.1,1617.3,
Valentini Grammatikopoulou,252,25.2,1429.3,,1387.0,1341.3,1306.4,,1408.2,1385.3,1367.8,,2018 Fed Cup G2 RR,21.2,1590.8,1350.2
Dalayna Hewitt,253,21.2,1429.1,,1385.6,1230.0,-,,1407.3,1329.5,1389.5,,2022 W60+H Irapuato R16,21.2,1471.8,
Dea Herdzelas,254,25.4,1428.9,,1310.6,1398.0,1500.0,,1369.8,1413.4,1464.4,,2013 Fed Cup G1 RRB,16.3,1456.1,1516.3
Julia Grabher,255,25.8,1428.3,,1254.3,1396.1,1322.1,,1341.3,1412.2,1375.2,,2021 Wimbledon Qual,25.0,1498.2,1428.8
Nastasja Mariana Schunk,256,18.6,1426.5,,1223.6,1399.7,-,,1325.0,1413.1,1388.2,,2022 W60 Altenkirchen R16,18.5,1516.5,1432.0
Ena Shibahara,257,24.0,1425.5,,1369.7,1296.5,-,,1397.6,1361.0,1387.8,,2019 W100 Vancouver R16,21.5,1475.9,1530.3
Richel Hogenkamp,258,29.9,1424.7,,1413.9,1343.1,1335.3,,1419.3,1383.9,1380.0,,2017 's Hertogenbosch R32,25.2,1739.3,1505.5
Destanee Aiava,259,21.9,1424.3,,1359.1,1336.5,1268.7,,1391.7,1380.4,1346.5,,2018 Canberra $60K SF,17.9,1593.3,1559.7
Katarzyna Kawa,260,29.4,1423.7,,1337.9,1388.9,1363.4,,1380.8,1406.3,1393.5,,2020 W100 Charleston SC SF,28.0,1642.0,
Isabella Shinikova,261,30.5,1422.9,,1457.7,1189.5,1239.4,,1440.3,1306.2,1331.1,,2019 Moscow Qual,28.0,1614.8,
Jessica Pieri,262,24.5,1421.0,,1245.4,1378.7,1302.5,,1333.2,1399.8,1361.7,,2021 W60+H La Bisbal D'Emporda R16,24.0,1600.6,
Tereza Mrdeza,263,31.4,1418.6,,1301.8,1376.6,1142.9,,1360.2,1397.6,1280.7,,2013 Monterrey R32,22.4,1659.1,1456.2
Marcela Zacarias,264,28.1,1418.1,,1384.7,1257.3,-,,1401.4,1337.7,1384.1,,2013 Fed Cup G1 RRB,18.9,1600.5,1395.7
Tessah Andrianjafitrimo,265,23.5,1417.8,,1307.1,1330.0,-,,1362.5,1373.9,1383.9,,2016 Toronto $50K R16,18.1,1462.1,
Francesca Di Lorenzo,266,24.7,1416.6,,1344.6,1337.9,1243.6,,1380.6,1377.3,1330.1,,2019 Us Open R128,22.1,1663.7,1415.1
Despina Papamichail,267,29.2,1415.6,,1291.5,1396.6,1271.2,,1353.6,1406.1,1343.4,,2013 Mestre 50K R16,20.6,1532.3,1375.4
Cristiana Ferrando,268,26.6,1413.9,,1306.6,1333.2,-,,1360.3,1373.6,1382.0,,2021 W80+H Le Neubourg R16,26.1,1473.0,
Mirjam Bjorklund,269,23.7,1413.8,,1237.8,1373.6,-,,1325.8,1393.7,1381.9,,2022 Bogota R16,23.7,1424.6,1475.2
Catherine Harrison,270,28.0,1412.1,,1412.6,1130.0,-,,1412.3,1271.0,1381.1,,2022 Monterrey Qual,27.9,1458.2,1446.9
Urszula Radwanska,271,31.3,1411.9,,1330.2,1377.0,1390.9,,1371.1,1394.4,1401.4,,2012 Tokyo R32,21.8,1866.8,
Valeria Savinykh,272,31.1,1411.6,,1390.1,1195.7,1286.7,,1400.9,1303.7,1349.2,,2012 Osprey FL 50K R32,21.1,1681.9,1479.2
Amandine Hesse,273,29.0,1410.9,,1364.3,1320.3,1251.2,,1387.6,1365.6,1331.0,,2015 Victoria $50K SF,22.7,1560.7,
Giulia Gatto Monticone,274,34.4,1409.7,,1414.9,1302.3,1423.7,,1412.3,1356.0,1416.7,,2019 Lausanne Qual,31.7,1656.7,
Jia Jing Lu,275,32.4,1409.0,,1402.7,1188.8,1170.6,,1405.8,1298.9,1289.8,,2021 Dubai Aus Open Qualies Qual,31.1,1543.2,
Reka Luca Jani,276,30.7,1408.6,,1202.7,1419.3,1184.2,,1305.6,1414.0,1296.4,,2011 US Open Qual,20.1,1527.1,1503.1
Natalija Kostic,277,27.7,1399.8,,1364.1,1327.9,1264.7,,1381.9,1363.8,1332.3,,2019 W100 Shenzhen R32,25.3,1575.9,1473.0
Oksana Selekhmeteva,278,19.2,1399.3,,1267.5,1414.7,-,,1333.4,1407.0,1374.7,,2021 Moscow Qual,18.8,1580.6,
Leolia Jeanjean,279,26.6,1395.5,,1337.1,1317.7,-,,1366.3,1356.6,1372.8,,2022 W80 Oeiras R32,26.6,1433.3,1537.0
Elsa Jacquemot,280,18.9,1392.0,,1317.8,1298.3,-,,1354.9,1345.1,1371.0,,2021 Limoges R32,18.6,1422.0,1408.5
Daniela Seguel,281,29.4,1389.7,,1391.9,1317.0,1253.1,,1390.8,1353.3,1321.4,,2018 Cagnes Sur Mer $100K R16,25.5,1623.8,1444.1
Lucrezia Stefanini,282,23.9,1389.5,,1303.6,1354.2,-,,1346.5,1371.8,1369.7,,2021 W60 Biarritz QF,23.2,1468.4,
Marina Melnikova,283,33.2,1388.1,,1281.8,1303.1,1353.7,,1334.9,1345.6,1370.9,,2016 Surbiton $50K F,27.3,1474.9,
Ulrikke Eikeri,284,29.3,1387.3,,1253.8,1331.2,1445.5,,1320.5,1359.2,1416.4,,2009 Fed Cup G3 RRB,16.3,1686.7,1464.0
Jaimee Fourlis,285,22.5,1385.5,,1231.0,1420.4,1206.8,,1308.2,1402.9,1296.2,,2019 Us Open Qual,19.9,1575.3,1452.6
Ankita Raina,286,29.3,1384.7,,1280.2,1298.6,1133.6,,1332.4,1341.7,1259.2,,2018 Luan $60K R16,25.3,1500.5,1470.9
Ylena In Albon,287,23.1,1384.6,,1367.9,1251.7,1290.9,,1376.3,1318.2,1337.8,,2019 W60 Kyoto F,20.0,1577.6,1352.1
Hanna Chang,288,24.1,1381.3,,1312.6,1301.9,-,,1347.0,1341.6,1365.6,,2021 W60 Las Vegas NV QF,23.6,1469.7,
Daniela Vismane,289,21.7,1380.1,,1347.3,1403.5,1500.0,,1363.7,1391.8,1440.1,,2021 Angers R32,21.3,1588.9,
Andrea Lazaro Garcia,290,27.4,1380.1,,1312.3,1309.7,-,,1346.2,1344.9,1365.0,,2021 W80+H Les Franqueses del Valles R16,27.0,1515.0,
Stephanie Wagner,291,27.4,1374.2,,1285.0,1313.6,-,,1329.6,1343.9,1362.1,,2019 Karlsruhe R16,24.9,1440.5,
Xiaodi You,292,25.9,1363.2,,1296.5,1307.9,1283.8,,1329.8,1335.5,1323.5,,2019 Tianjin Qual,23.4,1489.5,
Carol Zhao,293,26.8,1363.0,,1296.8,1294.7,1201.8,,1329.9,1328.9,1282.4,,2017 Shenzhen $100K F,22.4,1530.4,
Ashlyn Krueger,294,17.9,1357.5,,1253.9,1289.2,-,,1305.7,1323.4,1353.8,,2021 San Jose Qual,17.2,1385.1,
Anna Zaja,295,30.2,1357.3,,1256.8,1306.5,1284.6,,1307.0,1331.9,1321.0,,2018 Hechingen $60K QF,27.1,1546.4,
Conny Perrin,296,31.3,1356.6,,1291.1,1307.5,1428.3,,1323.9,1332.1,1392.5,,2018 US Open Qual,27.7,1570.9,
Mallaurie Noel,297,27.3,1349.4,,1324.5,1164.7,-,,1337.0,1257.1,1349.7,,2021 Limoges R32,27.0,1409.9,
Indy De Vroome,298,25.7,1348.7,,1309.0,1082.6,1348.1,,1328.8,1215.6,1348.4,,2019 W60 Toronto R32,23.4,1513.2,
Iryna Shymanovich,299,24.5,1345.2,,1285.4,1289.8,-,,1315.3,1317.5,1347.6,,2021 Angers Qual,24.4,1410.9,
Ekaterina Kazionova,300,23.2,1344.7,,1304.6,1230.0,-,,1324.6,1287.3,1347.3,,2022 W60 Nur-Sultan R32,23.1,1392.7,
Sarah Beth Askew,301,26.2,1344.6,,1342.0,1280.1,1139.2,,1343.3,1312.4,1241.9,,2021 W60 Nantes R16,26.2,1351.2,
Irene Burillo Escorihuela,302,24.7,1343.9,,1405.2,1167.1,1289.6,,1374.5,1255.5,1316.7,,2021 W60 Stare Splavy R16,23.9,1434.6,1409.1
Martina Di Giuseppe,303,31.1,1339.2,,1205.8,1276.5,1254.6,,1272.5,1307.8,1296.9,,2019 Bucharest QF,28.4,1566.8,
Jodie Anna Burrage,304,22.8,1336.3,,1294.7,1211.5,1113.6,,1315.5,1273.9,1225.0,,2022 W60+H Traralgon R16,22.6,1397.5,1371.4
Barbara Gatica,305,25.7,1333.2,,1250.5,1257.5,1500.0,,1291.9,1295.3,1416.6,,2021 W60 San Bartolome de Tirajana (Gran Canaria) R32,25.0,1460.7,1494.8
Quinn Gleason,306,27.3,1330.8,,1301.5,1194.6,-,,1316.2,1262.7,1340.4,,2019 W60 Honolulu HI R16,24.7,1460.4,
Susan Bandecchi,307,23.8,1330.4,,1219.6,1291.2,1276.0,,1275.0,1310.8,1303.2,,2021 W60 Montreux R16,23.2,1494.5,
Aldila Sutjiadi,308,27.0,1328.3,,1315.3,1226.9,1500.0,,1321.8,1277.6,1414.2,,2018 Fed Cup G2 PPO,22.8,1760.9,
Samantha Murray,309,34.4,1322.6,,1254.7,1055.3,1276.0,,1288.6,1188.9,1299.3,,2013 Trabzon 50K QF,25.9,1509.6,
Alice Rame,310,24.4,1321.8,,1169.0,1284.3,-,,1245.4,1303.1,1335.9,,2019 W60 Montreux QF,21.8,1390.5,
Marie Benoit,311,26.8,1319.4,,1254.1,1295.3,1313.9,,1286.7,1307.4,1316.7,,2021 Bogota Qual,26.1,1462.0,
Reese Brantmeier,312,17.4,1317.8,,1278.0,1169.0,-,,1297.9,1243.4,1333.9,,2021 Indian Wells Qual,17.0,1417.9,
Katharina Gerlach,313,24.1,1317.2,,1098.4,1288.1,1269.3,,1207.8,1302.6,1293.3,,2021 Dubai Aus Open Qualies Qual,22.9,1397.5,
Anna Danilina,314,26.5,1316.9,,1205.2,1309.0,1311.4,,1261.0,1312.9,1314.1,,2020 Prague R128,25.0,1426.0,
Whitney Osuigwe,315,20.0,1303.7,,1352.2,1188.0,1165.3,,1328.0,1245.9,1234.5,,2019 W100 Bonita Springs FL QF,17.1,1781.8,1373.7
Andreea Prisacariu,316,22.2,1300.4,,1220.2,1260.5,-,,1260.3,1280.5,1325.2,,2018 Bucharest Qual,18.4,1332.7,
Robin Montgomery,317,17.5,1292.6,,1264.8,1193.6,-,,1278.7,1243.1,1321.3,,2021 San Jose Qual,16.9,1333.2,
Pemra Ozgen,318,35.9,1292.2,,1203.2,1240.2,1390.4,,1247.7,1266.2,1341.3,,2005 Fed Cup G3 PO,19.0,1458.5,
Naiktha Bains,319,24.3,1286.9,,1191.5,1251.2,1273.2,,1239.2,1269.1,1280.1,,2019 W60 La Bisbal D'Emporda R16,21.4,1410.4,
Marina Bassols Ribera,320,21.9,1285.9,,1103.6,1275.2,-,,1194.8,1280.6,1318.0,,2021 Palermo Qual,21.6,1398.8,
Yana Morderger,321,25.1,1277.3,,1219.7,1238.9,-,,1248.5,1258.1,1313.6,,2021 Luxembourg Qual,24.5,1391.9,
Carole Monnet,322,20.4,1273.4,,1185.7,1268.6,-,,1229.5,1271.0,1311.7,,2021 W60 San Bartolome de Tirajana (Gran Canaria) R16,19.7,1359.8,
Tara Moore,323,29.2,1270.1,,1202.5,1024.1,1311.4,,1236.3,1147.1,1290.7,,2016 Limoges R32,24.3,1579.7,
Estelle Cascino,324,26.0,1257.0,,1224.9,1208.1,-,,1240.9,1232.5,1303.5,,2021 W80 Poitiers R32,25.6,1270.3,
Irina Fetecau,325,25.8,1245.4,,1159.9,1220.4,1313.8,,1202.7,1232.9,1279.6,,2021 Cluj-Napoca 1 Qual,25.3,1314.9,
Peangtarn Plipuech,326,29.3,1239.3,,1190.2,1248.2,1300.2,,1214.7,1243.7,1269.7,,2019 W60 Luan R32,26.5,1421.7,
Maria Gutierrez Carrasco,327,24.1,1236.4,,1120.6,1266.8,-,,1178.5,1251.6,1293.2,,2021 W80 Valencia R32,24.0,1326.2,
Leonie Kung,328,21.5,1222.1,,1212.3,1129.5,1285.8,,1217.2,1175.8,1253.9,,2021 Monterrey Qual,20.4,1612.1,
Tena Lukas,329,26.4,1219.7,,1179.5,1193.9,-,,1199.6,1206.8,1284.8,,2018 Budapest $100K R16,23.2,1542.1,
Ana Sofia Sanchez,330,27.8,1198.5,,1277.0,1114.7,-,,1237.7,1156.6,1274.2,,2016 Fed Cup G1 RR,21.8,1432.5,
Nagi Hanatani,331,27.0,1148.9,,1116.0,1223.4,-,,1132.4,1186.2,1249.4,,2018 Anning Qual,23.1,1372.6,
Olivia Tjandramulia,332,24.9,1107.9,,1063.0,1100.6,1326.1,,1085.4,1104.3,1217.0,,2017 Kurume $60K R32,20.0,1249.6,
